Typ;Datum;user;email;password
registration;2020-01-29;TesthHH;hallo@hallo.com;Diesist123
registration;2020-01-29;TesthHH;hallo@hallo.com;Diesist123
login;2020-01-29;-;test@test.com;passwordD123
login;2020-01-29;-;test@test.com;passwordD123
login;2020-01-29;-;test@test.com;passWort123
login;2020-01-29;-;hallo@hallo.com;testT2123
login;2020-02-03;-;test@test.com;testT&sect;12f
login;2020-02-12;-;moritz@weibold.cc;testtest45T
login;2020-02-21;-;hallo@hallo.com;testT56755
login;2020-02-21;-;hallo@hallo.com;test3T65
login;2020-02-21;-;hallo@hallo.com;tTest3test
login;2020-02-21;-;hallo@hallo.com;Hallo54321
login;2020-02-21;-;hallo@hallo.com;Hallo54321
login;2020-02-21;-;hallo@hallo.com;Hallo54321
login;2020-02-21;-;hallo@hallo.com;Hallo54321
login;2020-02-21;-;hallo@hallo.com;Hallo54321
login;2020-02-21;-;hallo@hallo.com;Hallo54321
login;2020-02-21;-;hallo@hallo.com;Hallo54321
login;2020-02-21;-;hallo@hallo.com;Hallo54321
login;2020-02-21;-;hallo@hallo.com;Hallo54321
login;2020-02-21;-;hallo@hallo.com;Hallo54321
login;2020-02-21;-;hallo@hallo.com;Hallo54321
login;2020-02-21;-;hallo@hallo.com;Hallo54321
login;2020-02-21;-;hallo@hallo.com;Hallo54321
login;2020-02-21;-;hallo@hallo.com;Hallo54321
login;2020-02-21;-;hallo@hallo.com;Hallo54321
login;2020-02-21;-;hallo@hallo.com;Hallo54321
login;2020-02-21;-;hallo@hallo.com;Hallo54321
login;2020-02-21;-;hallo@hallo.com;Hallo54321
login;2020-02-25;-;hallo@hallo.com;Hallo54321
login;2020-02-25;-;hallo@hallo.com;Hallo54321
login;2020-02-25;-;hallo@hallo.com;Hallo54321
login;2020-02-25;-;hallo@hallo.com;Hallo54321
login;2020-02-25;-;hallo@hallo.com;Hallo54321
login;2020-02-25;-;hallo@hallo.com;Hallo54321
login;2020-02-25;-;hallo@hallo.com;Hallo54321
login;2020-02-25;-;hallo@hallo.com;Hallo54321
login;2020-02-25;-;hallo@hallo.com;Hallo54321
login;2020-02-25;-;hallo@hallo.com;Hallo54321
login;2020-02-25;-;hallo@hallo.com;Hallo54321
login;2020-02-25;-;hallo@hallo.com;Hallo54321
login;2020-02-25;-;hallo@hallo.com;Hallo54321
login;2020-02-25;-;hallo@hallo.com;Hallo54321
login;2020-02-25;-;hallo@hallo.com;Hallo54321
login;2020-02-25;-;hallo@hallo.com;Hallo54321
login;2020-02-25;-;hallo@hallo.com;Hallo54321
login;2020-02-25;-;hallo@hallo.com;Hallo54321
login;2020-02-25;-;hallo@hallo.com;Hallo54321
login;2020-02-25;-;hallo@hallo.com;Hallo54321
login;2020-02-25;-;hallo@hallo.com;Hallo54321
login;2020-02-26;-;hallo@hallo.com;Hallo54321
login;2020-02-26;-;hallo@hallo.com;Hallo54321
login;2020-02-26;-;hallo@hallo.com;Hallo54321